Sequence	Sample Size	# Interquartile Range	Interquartile Range	# Standard Deviation	Standard Deviation	# Maximum	Maximum	# Minimum	Minimum	# Total
crrr	100000000	2	0,09907403999999999	1	0,07348496058390083	1	1,2700199199999993	2	0,75140104	6
bcrr	100000000	3	0,10016032	2	0,07410459919559416	2	1,27115872	1	0,75142392	8
ocrr	100000000	4	0,10186436	3	0,07541136782207494	4	1,2777148800000004	3	0,7459888800000002	14
rcrr	100000000	5	0,10316227999999997	4	0,07637481843852574	5	1,2796612399999998	4	0,7434023999999998	18
ccrr	100000000	6	0,10748712	5	0,08028555235856644	6	1,2988383200000002	5	0,72956	22
crcr	100000000	16	0,14504411999999997	6	0,10255093574720864	7	1,34413604	7	0,6922344000000005	36
pc	100000000	23	0,15668380000000007	7	0,10937214718862795	3	1,2740098799999993	6	0,7172827999999997	39
crrb	100000000	17	0,14632228000000003	8	0,11691485432755253	8	1,4591070000000004	9	0,61122516	42
orcr	100000000	10	0,13782599999999998	9	0,11893916669225923	11	1,4823582799999997	12	0,5749333199999999	42
crro	100000000	22	0,15665312000000003	10	0,12295798828746099	9	1,4593956	8	0,6141002400000002	49
cror	100000000	21	0,15445975999999992	11	0,1291895211970394	12	1,4865619599999997	14	0,52492024	58
crrc	100000000	27	0,16654768	12	0,12927645478865324	10	1,4601261999999997	10	0,6082803999999997	59
orrr	100000000	8	0,13549275999999996	13	0,1353781483304341	24	1,6673971599999997	18	0,47548228	63
corr	100000000	20	0,15055768	14	0,13711932089726955	14	1,5211154400000002	16	0,5139575999999999	64
brrr	100000000	12	0,13925704	16	0,1417445632837243	19	1,6229111600000004	17	0,4951232	64
crr	100000000	30	0,17916079999999993	15	0,1414577802614601	13	1,5093530400000004	11	0,57992636	69
brcr	100000000	37	0,21921327999999993	17	0,17214599145640916	15	1,54693968	13	0,5272175999999998	82
obrr	100000000	35	0,21448959999999997	19	0,17903270152987003	20	1,6392953199999998	19	0,47365084	93
borr	100000000	32	0,1938482	23	0,20216097205182268	30	1,7322182800000003	32	0,36512632000000017	117
ocor	100000000	52	0,2980057599999999	22	0,20121990631456532	18	1,59348436	26	0,42555188	118
bocr	100000000	48	0,28470416000000004	31	0,2137640991681492	21	1,6398558800000003	20	0,44854628	120
bcor	100000000	54	0,3012479600000001	21	0,19486374129563344	17	1,5841779200000004	30	0,3730818	122
oocr	100000000	53	0,3003494000000001	27	0,20824348157820083	22	1,6416498800000003	21	0,44734664	123
oorr	100000000	31	0,19078696000000003	26	0,20569388543510175	33	1,75956508	37	0,3543462	127
cbrr	100000000	39	0,22940528	28	0,21252388770685296	39	1,7665128	29	0,3891622800000001	135
obcr	100000000	49	0,2873374399999999	36	0,22689150547627907	28	1,71208596	28	0,4004572	141
orrc	100000000	24	0,1591694	25	0,20353319787214116	55	1,92881416	39	0,3260561200000001	143
cocr	100000000	79	0,3848748799999999	35	0,22038859055298418	16	1,5589184	15	0,52396084	145
rrcr	100000000	18	0,14759576000000005	18	0,1783175871357219	46	1,86994184	64	0,24496316	146
crbr	100000000	41	0,24336936	33	0,21490090538559967	41	1,80824488	36	0,35481212000000006	151
rbrr	100000000	44	0,25881335999999994	29	0,21320486294592775	40	1,8057993200000002	40	0,32350447999999987	153
rocr	100000000	50	0,2875428399999999	32	0,21403476214701925	34	1,7604106	38	0,3402365200000001	154
bbrr	100000000	36	0,2189382	30	0,21343016252470798	45	1,84702128	44	0,3144081199999999	155
orbr	100000000	40	0,23445396	41	0,2363309363999373	32	1,7466061600000002	47	0,29866355999999994	160
rcor	100000000	60	0,33458983999999986	40	0,2341047457202407	23	1,6611659999999997	42	0,316784	165
occr	100000000	76	0,38208248000000006	43	0,24189437617906928	26	1,69388908	22	0,43734132	167
bror	100000000	34	0,19564531999999996	39	0,23260240212226735	47	1,87079464	56	0,2651714	176
bbcr	100000000	61	0,33640776000000006	52	0,2672736010750538	35	1,76044024	35	0,3598301200000001	183
oror	100000000	28	0,17159428	38	0,23018791590950113	59	1,95847288	62	0,24670568	187
cbcr	100000000	86	0,39964808	47	0,2627617315695523	29	1,72276676	27	0,41554500000000005	189
rorr	100000000	14	0,14311700000000005	20	0,18434281521393148	91	2,1974134	72	0,22039524	197
brbr	100000000	43	0,25281255999999996	48	0,2628217933085275	74	2,0725031599999992	33	0,3641398800000001	198
orrb	100000000	25	0,16140696000000004	37	0,2294479096604397	78	2,0881275999999995	58	0,2555025199999999	198
ocrb	100000000	93	0,42133676	50	0,2661273924711757	37	1,76179796	25	0,42883724000000006	205
brrc	100000000	47	0,27814644000000005	51	0,26726491623400817	57	1,93626836	50	0,2889203199999999	205
bccr	100000000	81	0,38599288	57	0,2841378017091348	38	1,76396584	34	0,36321012	210
po	100000000	38	0,21971923999999995	34	0,21943488287187193	75	2,0777640000000006	66	0,24190088	213
ccor	100000000	80	0,38503452	49	0,26543161790020736	36	1,76071896	49	0,29157907999999993	214
rbcr	100000000	51	0,29088592	45	0,25198513511712683	58	1,9362902	61	0,24745344	215
orro	100000000	26	0,16544891999999992	42	0,23898891371494468	83	2,1283823600000003	67	0,24060712	218
rccr	100000000	74	0,38110644	54	0,2745034398471585	51	1,9173206	46	0,3036623199999999	225
ocro	100000000	121	0,51916332	58	0,28695124605039085	27	1,6971650800000002	23	0,43374916	229
brrb	100000000	42	0,24800776	53	0,2728652739048706	71	2,062009560000001	68	0,23233235999999996	234
cccr	100000000	130	0,5539112800000002	63	0,3012891752817419	25	1,68967292	24	0,43095052000000006	242
coor	100000000	56	0,31251168	60	0,2907439360678884	56	1,92951564	74	0,21617336	246
brro	100000000	46	0,27488344	59	0,28738249375798924	81	2,0977112000000013	73	0,21917791999999992	259
bcrb	100000000	95	0,425971	61	0,29555547129968096	44	1,84226068	63	0,245778	263
ocrc	100000000	135	0,5721409199999996	68	0,3132604935089785	31	1,73328584	31	0,37009024	265
orr	100000000	29	0,17537676	46	0,2582560764083948	117	2,3954481199999997	80	0,1900808	272
bcro	100000000	114	0,49127988	70	0,32172919639301367	43	1,8176236	51	0,28820844	278
ocbr	100000000	77	0,38357696	65	0,3073438761259584	79	2,0903277200000017	59	0,25478439999999986	280
pb	100000000	69	0,36771852000000005	64	0,30651961009011897	69	2,0543140799999997	79	0,19459855999999992	281
rcrb	100000000	97	0,43179136	66	0,30840764011782756	61	1,97011412	60	0,24841128	284
rcro	100000000	117	0,5064274799999998	75	0,334308857349607	52	1,9201598	55	0,2759660799999999	299
corb	100000000	96	0,43094428000000007	69	0,3204341002921782	66	2,0128695600000004	71	0,22158760000000002	302
bcbr	100000000	62	0,3396047199999999	56	0,2834720294332901	133	2,4988636400000006	53	0,27855307999999995	304
corc	100000000	123	0,5350909200000002	74	0,33011531990660276	54	1,92451948	54	0,2780845600000001	305
cobr	100000000	85	0,3984411599999999	78	0,34303793956993067	77	2,08646152	75	0,21102899999999997	315
ocr	100000000	147	0,6443798399999998	82	0,35072840707322506	42	1,81071592	45	0,3137674800000002	316
ccrb	100000000	136	0,5814868799999999	83	0,3510184900219123	50	1,91305296	52	0,2875366	321
bcrc	100000000	126	0,5449438799999999	86	0,35871646835318177	53	1,92431148	57	0,25556336000000013	322
cbbr	100000000	101	0,44059652000000005	87	0,3596138464135971	64	1,99640168	70	0,2224274	322
cbor	100000000	70	0,37543168	84	0,3536405414382894	87	2,162382560000001	83	0,17854252	324
brr	100000000	55	0,30923359999999994	72	0,3254659621818969	109	2,329892760000002	89	0,15935296	325
obor	100000000	91	0,41978091999999995	85	0,3563812171801347	63	1,98831724	91	0,15541292	330
coro	100000000	113	0,48909848	77	0,34046601528477155	67	2,0268731599999996	77	0,20795579999999997	334
ccro	100000000	158	0,7123443599999999	99	0,3805195574575613	48	1,87929768	43	0,31558903999999993	348
obrb	100000000	83	0,3866111599999999	93	0,37445670340766035	72	2,0627713599999993	102	0,12553996000000003	350
boor	100000000	64	0,34681867999999993	91	0,37200826259175845	93	2,20371008	104	0,12061764	352
borc	100000000	82	0,3863147599999999	92	0,37387460893743013	94	2,2110051600000005	85	0,16662360000000004	353
oobr	100000000	104	0,45799312	95	0,37605423567071533	62	1,97810184	92	0,15372864000000006	353
rbor	100000000	59	0,33192744000000013	76	0,33998307221860835	100	2,25666168	119	0,10188256	354
oorc	100000000	84	0,3935827999999999	88	0,3617009517302401	97	2,2315020000000003	88	0,16097380000000006	357
obrc	100000000	90	0,4183821200000001	102	0,38480913959541807	76	2,08534508	90	0,15694848000000003	358
rcrc	100000000	132	0,5601091599999998	90	0,36967435091142653	60	1,96463228	82	0,1853904	364
robr	100000000	65	0,34753263999999995	81	0,34837507514502214	89	2,178829640000001	129	0,07948147999999995	364
ooor	100000000	58	0,33067267999999994	96	0,3767453906301004	98	2,244250839999999	113	0,11191804	365
bobr	100000000	102	0,44494164	97	0,377702672820103	85	2,1328356399999993	86	0,16371628	370
rrbr	100000000	33	0,19489808000000008	55	0,27573399258575826	116	2,38852744	166	0,03638855999999998	370
rcbr	100000000	98	0,4365556	80	0,3468941317692989	114	2,382688879999999	81	0,18580484	373
obbr	100000000	108	0,47392592	106	0,39250228102711154	96	2,2225538399999993	69	0,22366864000000003	379
ccrc	100000000	170	0,80137252	118	0,42047785933398113	49	1,89678112	48	0,29564652	385
bbor	100000000	68	0,36304788	100	0,38303815961413823	107	2,31402756	110	0,1150344	385
obro	100000000	94	0,42549311999999984	110	0,3991154588092219	80	2,0920530799999977	108	0,11695788	392
roor	100000000	45	0,26565967999999984	73	0,32639716901053717	135	2,5213848400000005	140	0,06061016	393
bcr	100000000	142	0,6084629199999998	111	0,4020539064045973	68	2,030855839999999	78	0,19560112	399
borb	100000000	63	0,34402576	108	0,3974386996536157	112	2,3731604	118	0,10520432	401
bbbr	100000000	89	0,40789788	123	0,42926851169655866	101	2,26486208	97	0,13132443999999996	410
oorb	100000000	66	0,347828	107	0,39690330746687946	119	2,3995805599999995	121	0,09776416	413
ccbr	100000000	106	0,46348224	103	0,3875455732592186	111	2,3446160399999996	99	0,12807704000000006	419
cor	100000000	143	0,6106271600000002	104	0,39086025296004084	84	2,129142079999998	95	0,14217163999999993	426
orcb	100000000	139	0,5883659600000002	101	0,3846621342164796	70	2,05674768	122	0,09684479999999998	432
cbrc	100000000	131	0,5595709600000002	121	0,4283098683768959	88	2,1774506000000007	93	0,15266628000000002	433
boro	100000000	72	0,3794414	117	0,4177116884638764	121	2,40319092	123	0,09481056000000002	433
rrrr	100000000	7	0,11054680000000001	24	0,20311444822290356	284	3,452124	120	0,09780004	435
cbrb	100000000	107	0,46362784	112	0,41099563865166133	110	2,3327350799999995	107	0,1185652	436
ooro	100000000	73	0,3806467599999999	115	0,41568635567774254	124	2,4321263200000005	125	0,08917583999999998	437
rcr	100000000	144	0,62685584	113	0,4143563267693922	73	2,069838160000001	109	0,1157208	439
crbc	100000000	161	0,7393058399999999	119	0,421824381416326	86	2,159385800000001	76	0,21007012	442
ccr	100000000	183	0,90359412	139	0,4718493691929503	65	2,009221239999999	65	0,24303188	452
orco	100000000	157	0,70594472	122	0,42874036757782386	92	2,2003555600000007	84	0,174668	455
rorc	100000000	75	0,3819166	79	0,346009180095831	170	2,713396399999999	133	0,07271887999999993	457
bbrc	100000000	112	0,48901944	132	0,4566871600229685	118	2,396985759999998	106	0,11910548	468
rror	100000000	11	0,13862264000000002	44	0,25097883318228364	238	3,111390879999999	175	0,03137575999999998	468
rbrb	100000000	71	0,37711544	105	0,39212827572482384	136	2,525182399999999	157	0,04517448000000001	469
cbro	100000000	118	0,5065944	124	0,4354119155252432	115	2,38352036	117	0,10583247999999998	474
rbbr	100000000	78	0,38443808	94	0,3759016219273464	207	2,8991289600000005	103	0,12431327999999996	482
rbrc	100000000	92	0,42115163999999994	114	0,4150103741775203	130	2,4699875200000014	148	0,05018571999999999	484
bbrb	100000000	88	0,40615172	126	0,43677437858632145	146	2,58118068	126	0,08693983999999996	486
crbo	100000000	163	0,74921548	128	0,45206533982797104	104	2,2799181599999994	101	0,12579684	496
rbro	100000000	87	0,40275092	116	0,41633625269915475	137	2,5276898400000007	158	0,04196348000000001	498
crbb	100000000	159	0,7264478	129	0,4545881926106201	108	2,3275964400000007	105	0,11950224	501
obr	100000000	110	0,48118668	137	0,4670818864815837	120	2,4021030799999994	137	0,06479875999999998	504
crob	100000000	169	0,7843508400000001	138	0,4689067703989645	102	2,267060639999999	98	0,13090740000000012	507
rrrc	100000000	15	0,14466608000000009	62	0,2992647564422163	262	3,33066084	179	0,02630316	518
bbro	100000000	103	0,4555725199999999	133	0,4617251275680996	157	2,63037736	128	0,07974252	521
crcb	100000000	173	0,8262420400000001	146	0,4906871201972939	95	2,2199424	112	0,11403184	526
brco	100000000	150	0,6656624	154	0,5086041584306015	113	2,3804736799999984	111	0,11425076	528
brbc	100000000	120	0,5150059199999999	131	0,45590047868568817	154	2,6239278	127	0,08093019999999997	532
oor	100000000	105	0,4610346	130	0,4552625436787492	149	2,6116058800000004	149	0,04902040000000001	533
croo	100000000	186	0,93539732	153	0,5061238865353767	103	2,2765111200000008	96	0,13426659999999993	538
bor	100000000	100	0,44040828	135	0,465477224307534	160	2,643530240000001	147	0,0502762	542
croc	100000000	209	1,0124946	161	0,5287576544517711	90	2,1833359600000013	87	0,1623414	547
orbc	100000000	127	0,54765828	125	0,4363986857311288	163	2,6739835200000006	132	0,07801768000000002	547
rorb	100000000	57	0,31960967999999995	89	0,36190093279058794	227	3,03949256	177	0,0299416	550
crco	100000000	213	1,0230084799999994	164	0,5335705258585974	82	2,115406799999999	94	0,15140995999999993	553
orcc	100000000	168	0,78065884	142	0,4792312415677173	129	2,45301212	114	0,10880948	553
brcb	100000000	140	0,5951301200000001	136	0,4664709777325941	145	2,57221692	136	0,06663383999999997	557
orbo	100000000	134	0,5707701999999999	143	0,480853693630973	144	2,5717588000000005	154	0,04606419999999999	575
oroc	100000000	156	0,7015008	140	0,47399082298928275	151	2,61619748	130	0,07864271999999996	577
roro	100000000	67	0,36052068	98	0,3804058319202971	241	3,122415920000001	180	0,02606552	586
broc	100000000	149	0,6510920000000001	159	0,5256038945973766	143	2,563416959999999	142	0,0567424	593
bcbc	100000000	177	0,84758128	162	0,531248394499531	106	2,2965586799999995	155	0,045469319999999994	600
cbcb	100000000	178	0,84774872	163	0,5313122967841061	105	2,296445839999999	156	0,04546308	602
brbo	100000000	124	0,5358558400000002	145	0,48423669425841664	169	2,70928684	172	0,03403140000000001	610
rrrb	100000000	9	0,13641784	67	0,3099839521378914	305	3,88631152	235	0,005054920000000001	616
ocbc	100000000	198	0,97477744	180	0,5731325887877942	128	2,4494345200000005	115	0,1061398	621
cbco	100000000	197	0,97470776	181	0,5731438685559992	127	2,4482062799999995	116	0,10598328	621
crb	100000000	185	0,92957072	175	0,5577353761600169	134	2,503332	135	0,06728956000000003	629
orbb	100000000	125	0,5415243600000005	141	0,47686732478809424	195	2,86964912	168	0,03620187999999999	629
brcc	100000000	162	0,743821	179	0,5708828569653339	140	2,5463723999999996	150	0,04756856	631
crcc	100000000	256	1,1474502000000002	184	0,5934938835858332	99	2,2458711600000005	100	0,12624351999999997	639
brbb	100000000	115	0,49650328	148	0,4927842200850554	191	2,8432149200000008	185	0,023596559999999996	639
pr	100000000	109	0,47812648	155	0,5093171868022685	337	5,867641	41	0,32014996	642
rrro	100000000	13	0,1412892000000001	71	0,3240475141125695	320	4,234775479999995	238	0,0041964	642
brob	100000000	129	0,5534406800000001	151	0,5026312403752596	179	2,7696182800000004	184	0,023715119999999996	643
orob	100000000	138	0,58540144	147	0,4917717376531031	199	2,87999452	167	0,0362622	651
cbr	100000000	146	0,6385158	160	0,5257429207953014	187	2,8213291599999994	176	0,03080843999999999	669
broo	100000000	141	0,60254532	166	0,5347331106648597	184	2,8095880800000006	186	0,022673040000000005	677
orc	100000000	182	0,87528584	172	0,5470003778339833	188	2,8308789600000006	141	0,05894408	683
oroo	100000000	153	0,67115828	158	0,5184318136819019	209	2,9585711999999993	171	0,03406156000000001	691
rrcb	100000000	137	0,5818644	127	0,45052051318900493	167	2,6948750400000008	261	1,5079999999999998E-4	692
cro	100000000	258	1,1507329599999998	186	0,6032823456207923	126	2,443506520000001	124	0,09261928000000004	694
rrco	100000000	154	0,67645604	149	0,49461116323809745	197	2,8786446	199	0,01373736	699
bbr	100000000	133	0,5693760799999997	174	0,5516398668422672	242	3,1302242400000004	151	0,04747651999999999	700
rbr	100000000	111	0,48403316	156	0,5108777786069238	210	2,9602159599999993	231	0,005815679999999998	708
obco	100000000	215	1,0259657199999996	188	0,6087769880386378	150	2,6155032800000013	161	0,0405236	714
ocbo	100000000	214	1,0259392000000003	187	0,6087168880207483	152	2,616299919999999	162	0,040505400000000004	715
ocbb	100000000	194	0,96843188	189	0,6102367543834699	164	2,6786255600000004	169	0,03539847999999999	716
bbco	100000000	193	0,96830188	190	0,6102886461818762	165	2,6793067600000007	170	0,03532203999999998	718
rcbc	100000000	219	1,0435370399999995	191	0,6108421207266358	166	2,68573136	146	0,05210192	722
ocob	100000000	224	1,0531201200000007	197	0,6298776808835003	139	2,541765720000001	164	0,037237200000000005	724
boco	100000000	225	1,05324232	196	0,6298678893557207	138	2,5407709600000006	165	0,03716856000000001	724
obcb	100000000	180	0,8496202000000002	168	0,5460720290052847	147	2,59924912	229	0,005887960000000002	724
rrr	100000000	19	0,1488312799999999	109	0,398360676097185	341	6,60502388	257	5,350799999999997E-4	726
bcbo	100000000	181	0,8496695999999998	169	0,5460833965609393	148	2,59965524	230	0,00586612	728
ror	100000000	99	0,43961372	120	0,4280343483307503	303	3,84494552	212	0,010242960000000002	734
bbcb	100000000	166	0,7776371200000002	170	0,5463833444444058	153	2,62251548	245	0,00280956	734
bcbb	100000000	167	0,7776615599999999	171	0,5464738041385904	156	2,6249511599999997	246	0,0026806	740
bocb	100000000	175	0,83328076	177	0,5629345098886878	161	2,6490469200000004	242	0,0032484399999999996	755
oocb	100000000	207	0,9999537599999998	193	0,6140837313940815	123	2,4041705999999996	233	0,00518284	756
bcoo	100000000	206	0,9998284400000003	194	0,6141012892418346	122	2,40368596	234	0,005175040000000001	756
bcob	100000000	174	0,8331928799999997	178	0,562944020312246	162	2,6491556	243	0,0032364800000000008	757
crc	100000000	287	1,2899743999999995	216	0,6688851716622428	125	2,44125908	131	0,07822983999999997	759
orb	100000000	155	0,69532736	173	0,5484467046785242	250	3,194167599999999	187	0,02130128	765
ccbc	100000000	252	1,1339140799999994	207	0,656821869664665	177	2,7549048799999993	138	0,06479511999999998	774
cbcc	100000000	253	1,13412104	208	0,6568998413803773	176	2,754459239999999	139	0,06466564000000005	776
cboc	100000000	236	1,09633264	201	0,642714827672084	190	2,8322616399999996	152	0,04736419999999999	779
cobc	100000000	237	1,0964033600000003	200	0,642683925305143	189	2,8311379200000006	153	0,04722692	779
brc	100000000	176	0,8369894	209	0,6573567412959074	202	2,889424200000001	198	0,01384396	785
oro	100000000	171	0,8064602	182	0,5798061215999366	259	3,290946880000001	191	0,0179088	803
bcoc	100000000	242	1,1040733599999994	211	0,6606726096967838	158	2,63700268	192	0,01657968	803
cocb	100000000	243	1,1043146400000003	212	0,6607730525975019	159	2,63729336	193	0,01644968	807
cbbc	100000000	230	1,0692182799999999	221	0,6759041487700332	213	2,9657300400000004	145	0,05253612	809
ocoo	100000000	288	1,2941848399999998	225	0,6837087200679042	142	2,55242624	159	0,04158336000000001	814
ooco	100000000	289	1,2942118799999998	224	0,6836812542250142	141	2,550725840000001	160	0,041444	814
rbco	100000000	190	0,94800368	183	0,5816787765682429	194	2,8688389600000006	251	0,0011699999999999994	818
rrbc	100000000	119	0,5093280400000001	134	0,46315300526948294	297	3,74405616	269	1,2480000000000002E-5	819
brb	100000000	152	0,6683575600000002	185	0,5989402425465536	247	3,1561784799999995	237	0,0044293599999999985	821
rrbo	100000000	122	0,5256461600000002	144	0,4823535899527932	255	3,23183016	301	0,0	822
rocb	100000000	210	1,0148611199999995	195	0,625222675345418	155	2,6242663200000003	265	9,879999999999998E-5	825
ococ	100000000	298	1,3816410400000003	254	0,7200272394206354	131	2,4929824400000005	144	0,0536302	827
coco	100000000	299	1,3818947999999993	255	0,7200356001130873	132	2,4931088	143	0,05368428000000001	829
rcbo	100000000	229	1,0661175199999995	203	0,6454248996298179	208	2,94009872	204	0,01287988	844
bro	100000000	160	0,7331849199999998	198	0,6324486534436853	251	3,1949268	236	0,004734080000000001	845
obbc	100000000	222	1,04977912	222	0,6820213609205664	217	2,9859024000000005	189	0,018721560000000012	850
rcbb	100000000	212	1,0185479200000005	206	0,6534220870252323	214	2,97708736	218	0,009751040000000002	850
cbbo	100000000	221	1,0497130800000005	223	0,6820348946046257	219	2,98673336	190	0,018577519999999997	853
bcco	100000000	247	1,1135529599999991	241	0,7009015735584838	196	2,8782686399999995	173	0,03261024000000001	857
occb	100000000	248	1,1136112000000002	240	0,7008986898689571	198	2,87865812	174	0,03259827999999999	860
rcob	100000000	246	1,11117916	214	0,6669225350047904	180	2,774810479999999	220	0,009641840000000004	860
rroc	100000000	151	0,6677439599999998	157	0,5182205004223862	292	3,63266176	263	1,1440000000000002E-4	863
rrcc	100000000	164	0,7538070799999997	176	0,5593977934745313	270	3,3781186399999994	258	5,3404E-4	868
cbob	100000000	202	0,9897966	218	0,6748255820115284	239	3,1115822399999993	210	0,01089452	869
bobc	100000000	203	0,98980648	219	0,6748417419231717	237	3,11068212	211	0,01088776	870
roco	100000000	285	1,2813585200000006	227	0,6858525632236416	174	2,7296469199999986	195	0,015768480000000005	881
rrbb	100000000	116	0,5054966800000003	150	0,49694253615232364	319	4,219471879999999	301	0,0	886
occo	100000000	303	1,4009039200000002	264	0,7469064060698553	186	2,8204030399999986	134	0,06906640000000001	887
oboc	100000000	250	1,1223763199999996	228	0,6874409512532509	193	2,8490295600000004	217	0,009766119999999998	888
bccb	100000000	188	0,93844504	220	0,675860615501769	233	3,08249136	248	0,00229424	889
bbbc	100000000	196	0,97147908	234	0,6933661493700111	256	3,24332216	205	0,01201928	891
cbbb	100000000	195	0,97130384	233	0,6933413698741591	257	3,2446351600000005	206	0,011965200000000002	891
cobo	100000000	251	1,1224174000000005	229	0,6874519404826641	192	2,84894948	219	0,00968344	891
rrob	100000000	128	0,5502697200000001	152	0,5046043206440258	317	4,189562520000001	301	0,0	898
rboc	100000000	220	1,0465623999999993	202	0,644979857258426	236	3,0944004000000005	250	0,0012188800000000003	908
rbcb	100000000	172	0,8188679199999999	167	0,534794625882789	268	3,3705167600000006	301	0,0	908
cobb	100000000	226	1,0538304399999998	230	0,6893983401383927	229	3,0684643599999992	226	0,0064402	911
bboc	100000000	227	1,0539869600000005	231	0,6894302388173628	230	3,06935148	225	0,00646308	913
ccbo	100000000	257	1,1505691599999996	235	0,693762055875152	215	2,9831271600000004	207	0,011340160000000002	914
cr	100000000	313	1,4451434400000003	268	0,7575571653296787	175	2,74162096	163	0,03957668	919
obcc	100000000	259	1,15073608	236	0,693792204241851	216	2,983159920000001	208	0,011260080000000002	919
rcoo	100000000	292	1,32607956	252	0,719742885971295	178	2,757355119999999	203	0,013209040000000002	925
cooc	100000000	304	1,4027525200000004	263	0,7466741902142611	181	2,7876170399999993	178	0,02741076	926
bocc	100000000	264	1,1967519200000003	249	0,7158887636402794	200	2,8856328800000006	213	0,010142600000000002	926
rbbc	100000000	208	1,00990968	210	0,6581893113722762	264	3,3503756	244	0,0028938	926
rcoc	100000000	308	1,42832664	267	0,7572389932614966	171	2,71521536	183	0,02389191999999999	929
bbcc	100000000	240	1,1036526799999997	245	0,7055891619984395	225	3,03424472	221	0,009291359999999999	931
ccob	100000000	265	1,19682368	250	0,7159010455278033	201	2,8860202800000008	216	0,010031840000000002	932
ccbb	100000000	241	1,10367504	246	0,7056459042022918	226	3,0351776	222	0,009237279999999999	935
rroo	100000000	145	0,6277148799999992	165	0,5344086309132529	324	4,351610119999999	301	0,0	935
oobc	100000000	238	1,0975842800000002	243	0,7023874839656743	245	3,1488376400000004	214	0,010127520000000003	940
cboo	100000000	239	1,0977309199999994	242	0,7023825971967071	246	3,1490914000000005	215	0,01010828	942
coob	100000000	255	1,1413532000000004	248	0,7103501677125712	223	3,02129828	227	0,006429800000000001	953
booc	100000000	254	1,14122268	247	0,7103348084009448	224	3,02132532	228	0,006421480000000001	953
robc	100000000	216	1,03083032	205	0,6496837297960554	285	3,4668218	252	0,0010654800000000002	958
cocc	100000000	321	1,53737584	290	0,8066350572316696	173	2,7257724	181	0,02532556	965
ccoc	100000000	322	1,5375630400000002	291	0,8067035286845149	172	2,7250485600000007	182	0,025211679999999997	967
or	100000000	204	0,99140548	215	0,6677715478935848	323	4,2859518	232	0,0055525600000000015	974
rrb	100000000	148	0,6497836799999998	192	0,6129814340993318	336	5,32500332	301	0,0	977
rbob	100000000	189	0,94249168	217	0,6727996154092267	274	3,3862425999999988	301	0,0	981
obob	100000000	233	1,073099040000001	258	0,7320693248584748	221	3,0169105200000006	272	7,28E-6	984
bobo	100000000	232	1,0729279600000003	257	0,7320538990988037	222	3,01714348	276	5,72E-6	987
robo	100000000	228	1,0574163600000004	232	0,6918232269046138	240	3,1203639999999995	288	2,0800000000000004E-6	988
cccb	100000000	279	1,26975836	274	0,7610899909453243	203	2,8897700000000013	240	0,004183399999999998	996
bccc	100000000	280	1,2700506000000005	275	0,7611861564758865	204	2,8902213599999986	239	0,004190160000000001	998
rbcc	100000000	235	1,0847626399999994	213	0,6667794157253698	261	3,3233251999999993	289	1,56E-6	998
p	100000000	1	0,0	349	2,8573194547362832	347	10,766939560000004	301	0,0	998
ccoo	100000000	311	1,43222196	281	0,7702778828388137	206	2,89737708	201	0,01350596	999
oocc	100000000	310	1,4321112	282	0,7703680388588713	205	2,896645959999998	202	0,013388440000000005	999
ccco	100000000	326	1,5524251599999994	295	0,8173891085642694	182	2,7913111200000005	197	0,01568892	1000
occc	100000000	328	1,5524558400000004	296	0,8174375066920276	183	2,7927983199999993	196	0,01573572000000001	1003
rro	100000000	165	0,7596581199999999	199	0,6348428106115419	338	6,046611479999998	301	0,0	1003
rrc	100000000	179	0,84784128	204	0,6493583771646773	325	4,369833520000002	301	0,0	1009
rcco	100000000	312	1,44230216	284	0,7712116871137505	228	3,0619030000000005	188	0,020134920000000008	1012
rccb	100000000	263	1,1707462000000006	253	0,7199353682303538	249	3,168395879999998	249	0,0019058	1014
bbob	100000000	199	0,97957704	259	0,7339279121325044	273	3,38505388	283	3,12E-6	1014
bobb	100000000	200	0,97960408	260	0,7339361354978342	272	3,3847231599999987	283	3,12E-6	1015
rbbo	100000000	205	0,99943116	226	0,6849921716857894	295	3,68867304	289	1,56E-6	1015
oco	100000000	323	1,53828688	299	0,8296313704135289	185	2,81803652	209	0,01119872	1016
bbbo	100000000	217	1,0310892800000002	262	0,7447242803298298	266	3,36502608	273	6,760000000000001E-6	1018
oooc	100000000	295	1,34340856	270	0,7581041146555939	232	3,0751510400000006	223	0,00693004	1020
cooo	100000000	296	1,34349592	269	0,7580963837110067	231	3,0750345600000006	224	0,006896760000000001	1020
obbb	100000000	218	1,0311204799999996	261	0,7447170987299121	265	3,3649241599999993	276	5,72E-6	1020
rbbb	100000000	184	0,91657956	237	0,6956227798809905	299	3,77839644	301	0,0	1021
cccc	100000000	338	1,6842358	322	0,9157286589962962	168	2,6973174799999993	194	0,016038359999999995	1022
oboo	100000000	266	1,2005182799999998	278	0,7621520586884193	211	2,96213684	270	8,84E-6	1025
oobo	100000000	267	1,20063996	277	0,7621498680629532	212	2,96287212	271	8,320000000000003E-6	1027
cbc	100000000	286	1,2833584399999998	285	0,7837548731079063	258	3,28461276	200	0,013596960000000002	1029
rboo	100000000	223	1,0522371599999993	239	0,6994413509784352	275	3,3981256399999995	296	5,200000000000001E-7	1033
obbo	100000000	249	1,1169288000000008	266	0,7472271719244862	260	3,3030556	262	1,4975999999999998E-4	1037
robb	100000000	201	0,98813156	238	0,6966929343603976	302	3,83508268	296	5,200000000000001E-7	1037
bbbb	100000000	192	0,96468632	271	0,7585072243637103	290	3,58721376	289	1,56E-6	1042
boob	100000000	231	1,07007732	265	0,7472026543944731	263	3,33835424	285	2,6000000000000005E-6	1044
bcb	100000000	211	1,017787680000001	244	0,7038578480673553	291	3,59249956	301	0,0	1047
ocb	100000000	271	1,2078346800000004	279	0,7635251684188599	218	2,9860864799999995	280	3,6400000000000007E-6	1048
bco	100000000	270	1,20778268	280	0,7635814223298208	220	2,98679264	281	3,64E-6	1051
rooc	100000000	290	1,30670904	256	0,7289299202111648	267	3,36795784	253	8,954399999999998E-4	1066
bboo	100000000	244	1,1105099199999995	272	0,7608725528111613	281	3,4240492	285	2,6000000000000005E-6	1082
roob	100000000	234	1,0760042800000003	251	0,717026631427048	300	3,8088856	301	0,0	1086
rocc	100000000	309	1,4319250399999996	283	0,7710876630855196	248	3,15635372	247	0,00237172	1087
oobb	100000000	245	1,1105650399999998	273	0,7609037815801769	280	3,4239738	289	1,56E-6	1087
br	100000000	187	0,9376718	292	0,8080412293803282	318	4,19413644	293	1,0400000000000002E-6	1090
ooob	100000000	269	1,2073110399999991	287	0,7840489588057287	279	3,41554044	278	4,160000000000001E-6	1113
booo	100000000	268	1,2071872800000005	286	0,7839830168322219	278	3,41520296	285	2,6000000000000005E-6	1117
obc	100000000	284	1,27998936	293	0,8118345733988215	288	3,54286764	264	1,0191999999999996E-4	1129
cbo	100000000	283	1,2799727200000004	294	0,8118525145928517	289	3,54298308	266	9,567999999999998E-5	1132
rccc	100000000	335	1,6097640000000002	308	0,8604123289995405	234	3,09267244	260	1,638E-4	1137
coc	100000000	337	1,6829550399999997	323	0,9251922757078356	243	3,1362884799999993	241	0,00380068	1144
cob	100000000	293	1,3338239200000008	300	0,8298789782712271	276	3,40525328	275	6,24E-6	1144
boc	100000000	294	1,3338488799999997	301	0,8299365501504267	277	3,40592928	274	6,76E-6	1146
rco	100000000	333	1,5907106799999997	312	0,8768945262972867	244	3,1372614000000008	259	2,0696E-4	1148
rr	100000000	191	0,96102084	309	0,8663272627764068	348	13,129163840000002	301	0,0	1149
cbb	100000000	274	1,2221195999999996	304	0,8382026502176403	294	3,66914548	278	4,160000000000001E-6	1150
bbc	100000000	275	1,2222225600000005	303	0,838156454960278	293	3,66867696	281	3,64E-6	1152
obo	100000000	297	1,36667128	306	0,8529335898657081	252	3,20759712	301	0,0	1156
rbo	100000000	272	1,2182768000000004	289	0,8066126782470776	304	3,85906612	301	0,0	1166
rooo	100000000	278	1,2645536800000001	276	0,7613614688462181	311	3,95735288	301	0,0	1166
ccc	100000000	348	1,7942132	330	1,0593678592718236	235	3,0926818	254	8,798400000000001E-4	1167
occ	100000000	339	1,69722696	325	0,9379045705601977	254	3,2223697999999996	255	7,347600000000001E-4	1173
cco	100000000	340	1,69742092	326	0,9379345491668793	253	3,2209751599999987	256	7,306000000000002E-4	1175
rcb	100000000	291	1,3190678800000002	297	0,8199527837277986	286	3,4829537600000005	301	0,0	1175
rbc	100000000	273	1,2192471199999995	288	0,7925618117811501	316	4,147917799999997	301	0,0	1178
oooo	100000000	302	1,38701316	298	0,8271318060428685	287	3,49120928	293	1,0400000000000002E-6	1180
ccb	100000000	306	1,42070396	317	0,8856995945538292	269	3,376724	293	1,0400000000000002E-6	1185
bob	100000000	276	1,2344191600000007	307	0,8537729703604278	301	3,8282712	301	0,0	1185
bcc	100000000	307	1,4208318800000004	316	0,8856300597530589	271	3,37852216	301	0,0	1195
rbb	100000000	260	1,1585350399999998	305	0,841909189073759	330	4,79975756	301	0,0	1196
coo	100000000	331	1,5838934799999997	318	0,8869108559228451	282	3,44075056	267	8,631999999999999E-5	1198
bbb	100000000	262	1,1699989599999998	321	0,9016008905943881	315	4,132210680000001	301	0,0	1199
obb	100000000	281	1,2739672399999993	310	0,8669126661462633	309	3,92696824	301	0,0	1201
ooc	100000000	332	1,5840655999999997	319	0,8869603557894133	283	3,44187012	268	7,643999999999999E-5	1202
bbo	100000000	282	1,2739958399999998	311	0,8669217646154602	310	3,9276822	301	0,0	1204
rob	100000000	277	1,2584156000000006	302	0,8324672019171305	326	4,599063560000002	301	0,0	1206
boo	100000000	300	1,3844495600000006	314	0,8845168547022578	307	3,90223548	301	0,0	1222
oob	100000000	301	1,3846133599999997	315	0,8845297361821735	306	3,89993604	301	0,0	1223
c	100000000	261	1,1648145600000004	347	1,634654814505335	335	5,239737359999999	301	0,0	1244
roc	100000000	330	1,5824764800000006	320	0,887214237335273	308	3,91742468	296	5,200000000000001E-7	1254
roo	100000000	316	1,4954716399999997	313	0,8839833309975974	329	4,770320880000001	301	0,0	1259
ooo	100000000	334	1,60127292	324	0,9360958278574646	314	4,061161	296	5,200000000000001E-7	1268
rcc	100000000	346	1,76367932	327	0,9930358805744608	296	3,71165184	301	0,0	1270
bo	100000000	319	1,53415496	328	1,0494481597562022	327	4,7463026	301	0,0	1275
bb	100000000	305	1,4092239199999994	338	1,1275359283776154	333	5,020605720000002	301	0,0	1277
bc	100000000	325	1,5524028	331	1,0760422685208415	321	4,274722920000001	301	0,0	1278
ob	100000000	320	1,5342158	329	1,0494743910208635	328	4,747154879999997	301	0,0	1278
cc	100000000	343	1,75046144	340	1,2640287680438202	298	3,75445252	301	0,0	1282
cb	100000000	327	1,55244024	332	1,0760939327465961	322	4,2762158400000025	301	0,0	1282
rb	100000000	314	1,47451928	333	1,0872460787841693	340	6,47282012	301	0,0	1288
co	100000000	345	1,76367672	337	1,1028069051393967	312	4,02007736	296	5,200000000000001E-7	1290
cp	100000000	315	1,48300516	345	1,5396875570085051	332	4,99683704	301	0,0	1293
oc	100000000	347	1,7638504	336	1,1028031677920107	313	4,020333200000001	301	0,0	1297
bp	100000000	324	1,5425446399999998	342	1,4007307744222408	339	6,365740160000001	301	0,0	1306
o	100000000	317	1,5094414400000002	343	1,4391322887803257	345	8,50648864	301	0,0	1306
b	100000000	318	1,5221034399999998	346	1,5650384343082908	343	6,9964679200000015	301	0,0	1308
oo	100000000	344	1,7569734000000004	335	1,100621182654936	331	4,93270544	301	0,0	1311
op	100000000	336	1,612370759999999	341	1,3356302291771127	342	6,63428376	301	0,0	1320
ro	100000000	342	1,7079644399999998	334	1,0896293462458388	344	7,5783838	301	0,0	1321
rc	100000000	349	1,84652208	339	1,1842640808456928	334	5,04769304	301	0,0	1323
r	100000000	329	1,5628979599999997	348	1,750542501165539	349	26,14527552	301	0,0	1327
rp	100000000	341	1,69973232	344	1,4955976583293935	346	10,197098599999999	301	0,0	1332
